address,symbol,name,chain,score,label,liquidity_usd,positives,negatives,analyzed_at
0xC32dB1D3282e872d98f6437D3BCFa57801CA6d5c,ETHEREUM,ETHEREUM (VoldemortTrumpRobotnik-10Neko),ethereum,100,GEM,71460.51,"Nao e honeypot | Liquidez travada 100% | Ownership renunciado | Taxa baixa (buy 0.0% / sell 1.0%) | Contrato verificado | Liquidez $71,461",Concentrado: top10 tem 65%,2026-04-17 00:56 UTC
0xDC5E9445169C73Cf21e1da0B270e8433caC69959,科太币,科太币 ( Ethereum),ethereum,100,GEM,53718.33,"Nao e honeypot | Liquidez travada 100% | Ownership renunciado | Taxa baixa (buy 1.0% / sell 1.0%) | Contrato verificado | Liquidez $53,718",Concentrado: top10 tem 78% | Blacklist de carteiras ativa,2026-04-17 00:56 UTC
0x6331BF8D601f0D7F0d2101772af5137c418c4444,BSC,BSC (Binance Super Cycle),bsc,100,GEM,81607.57,"Nao e honeypot | Liquidez travada 100% | Ownership renunciado | Taxa baixa (buy 0.0% / sell 0.0%) | Top10 holders 33% do supply | Contrato verificado | Liquidez $81,608",,2026-04-17 00:56 UTC
0x6B4917a11BCb3BDCb545D79F211e81aa5835a3Ba,BSC,BSC (BNB SUPER CYCLE),bsc,100,GEM,23934.79,Nao e honeypot | Liquidez travada 100% | Ownership renunciado | Taxa baixa (buy 0.0% / sell 0.0%) | Contrato verificado,"Concentrado: top10 tem 70% | Liquidez media $23,935",2026-04-17 00:56 UTC
0x8c29fC7a43eB6dc592C1d5f06d3fD574d9Fb1fd7,BSC,BSC (Binance Super Cycle),bsc,100,GEM,11009.37,Nao e honeypot | Liquidez travada 100% | Ownership renunciado | Taxa baixa (buy 0.0% / sell 0.0%) | Contrato verificado,"Concentrado: top10 tem 89% | Liquidez media $11,009",2026-04-17 00:56 UTC
0x40DAC4b1C0ee85cF3574FA14a5e065CfFfD54444,BSC,BSC (BallSackCoin),bsc,100,GEM,4982.73,Nao e honeypot | Liquidez travada 100% | Ownership renunciado | Taxa baixa (buy 0.0% / sell 0.0%) | Contrato verificado,"Concentrado: top10 tem 99% | Liquidez baixa $4,983",2026-04-17 00:56 UTC
0xb7ad5cc845837E96a1c7B9F891548246e0F3E910,BSC,BSC (BSCFarm Finance),bsc,55,NEUTRO,201.83,Nao e honeypot | Ownership renunciado | Taxa baixa (buy 0.0% / sell 0.0%) | Contrato verificado,Liquidez nao travada (0%) | Concentrado: top10 tem 99% | Liquidez baixa $202 | Funcao mint sem limite,2026-04-17 00:56 UTC
0x58c794C81e9fEf1f3706082A09fe1C7F2dD94841,BSC,BSC,bsc,85,GEM,0.11,Nao e honeypot | Ownership renunciado | Taxa baixa (buy 0.0% / sell 0.0%) | Contrato verificado,Liquidez nao travada (0%) | Concentrado: top10 tem 100% | Liquidez baixa $0,2026-04-17 00:56 UTC
0xfC45AD458622e8b04fDb1a675B8747Dae7dCb684,BSC,BSC (BSC EXCHANGE),bsc,70,GEM,0.03,Nao e honeypot | Ownership renunciado | Taxa baixa (buy 0.0% / sell 0.0%) | Top10 holders 30% do supply | Contrato verificado,Liquidez nao travada (0%) | Liquidez baixa $0 | Funcao mint sem limite,2026-04-17 00:56 UTC
0x17bc015607Fdf93e7C949e9Ca22f96907cFBeF88,BSC,BSC (BSC FARM),bsc,55,NEUTRO,0.76,Nao e honeypot | Ownership renunciado | Taxa baixa (buy 0.0% / sell 0.0%) | Contrato verificado,Liquidez nao travada (0%) | Concentrado: top10 tem 100% | Liquidez baixa $1 | Funcao mint sem limite,2026-04-17 00:56 UTC
0x19d464Ed2a89a37eEB78e39c679BF8bcD195e7bE,BSC,BSC (DRUGGED BSC),bsc,90,GEM,0.07,Nao e honeypot | Ownership renunciado | Taxa baixa (buy 0.0% / sell 0.0%) | Top10 holders 0% do supply,Liquidez nao travada (0%) | Contrato nao verificado | Liquidez baixa $0,2026-04-17 00:57 UTC
0xaeE4251710cc8559008F1707FFEC39392875e3C8,BSC,BSC (BSCNSwap),bsc,90,GEM,0.29,Nao e honeypot | Ownership renunciado | Taxa baixa (buy 0.0% / sell 0.0%) | Top10 holders 0% do supply,Liquidez nao travada (0%) | Contrato nao verificado | Liquidez baixa $0,2026-04-17 00:57 UTC
0x17098D2643B535BcFC97ee69830e69D33c44efe5,BSC,BSC (BSCNSwapChain),bsc,85,GEM,0.04,Nao e honeypot | Ownership renunciado | Taxa baixa (buy 0.0% / sell 0.0%) | Contrato verificado,Liquidez nao travada (0%) | Concentrado: top10 tem 100% | Liquidez baixa $0,2026-04-17 00:57 UTC
0x5EE54869Ecd5E752C31aF095187326D4A4D50e1c,Arb Inc,Arb Inc (Arbitrage Inception),bsc,100,GEM,0.48,Nao e honeypot | Liquidez travada 100% | Ownership renunciado | Taxa baixa (buy 4.0% / sell 4.0%) | Contrato verificado,Concentrado: top10 tem 56% | Liquidez baixa $0,2026-04-17 00:57 UTC
0x54D3bC5329560551686c2108599E186f36f5c393,ARBI,ARBI (Arbibot),bsc,85,GEM,1.99,Nao e honeypot | Ownership renunciado | Taxa baixa (buy 0.0% / sell 0.0%) | Contrato verificado,Liquidez nao travada (0%) | Concentrado: top10 tem 100% | Liquidez baixa $2,2026-04-17 00:57 UTC
0x93ecd8e9156E6b217514BCFE59837b3807D8F53D,KABOSU,KABOSU (Kabosu),bsc,70,GEM,1.83,Nao e honeypot | Ownership renunciado | Taxa baixa (buy 0.0% / sell 0.0%) | Top10 holders 45% do supply | Contrato verificado,Liquidez nao travada (0%) | Liquidez baixa $2 | Funcao mint sem limite,2026-04-17 00:57 UTC
0xd07379a755A8f11B57610154861D694b2A0f615a,BASE,BASE,base,90,GEM,49164.27,Nao e honeypot | Ownership renunciado | Taxa baixa (buy 0.0% / sell 0.0%) | Top10 holders 14% do supply | Contrato verificado,"Liquidez nao travada (0%) | Liquidez media $49,164 | Funcao mint sem limite",2026-04-17 00:57 UTC
0xE59e90e01eBa2754a2EA80AbDb617D4ec7661fF7,BASE,BASE (Base House ),base,75,GEM,35096.72,Nao e honeypot | Ownership renunciado | Taxa baixa (buy 0.0% / sell 0.0%) | Contrato verificado,"Liquidez nao travada (0%) | Concentrado: top10 tem 99% | Liquidez media $35,097 | Funcao mint sem limite",2026-04-17 00:57 UTC
0xBce4705b674fa0d1dc3C1BA38cA5cFD989EaE656,BASE,BASE (Base God),base,85,GEM,574.48,Nao e honeypot | Ownership renunciado | Taxa baixa (buy 0.0% / sell 0.0%) | Contrato verificado,Liquidez nao travada (0%) | Concentrado: top10 tem 100% | Liquidez baixa $574,2026-04-17 00:57 UTC
0x11d63948De284bD8A607B754D1bCB6bb6713a22B,BASE,BASE (BrianArmstrongTinkerbell420Inu),base,65,NEUTRO,8933.43,Nao e honeypot | Ownership renunciado | Taxa baixa (buy 0.0% / sell 0.0%) | Contrato verificado,"Liquidez nao travada (0%) | Concentrado: top10 tem 95% | Liquidez baixa $8,933 | Blacklist de carteiras ativa",2026-04-17 00:57 UTC
0x34Edb6B8dFac5ae7e8a06Bbe7D5233CecF40EBA3,BASE,BASE (BaseUp),base,40,NEUTRO,0.0,Nao e honeypot | Ownership renunciado | Taxa baixa (buy 0.0% / sell 0.0%) | Contrato verificado,Liquidez nao travada (0%) | Concentrado: top10 tem 100% | Sem liquidez (score cap 40),2026-04-17 00:57 UTC
0x77Aa329EF790ba5b1FDE73315C3B050F5A977c90,BASE,BASE,base,40,NEUTRO,0.0,Nao e honeypot | Ownership renunciado | Taxa baixa (buy 0.0% / sell 0.0%) | Contrato verificado,Liquidez nao travada (0%) | Concentrado: top10 tem 100% | Sem liquidez (score cap 40),2026-04-17 00:57 UTC
BFiGUxnidogqcZAPVPDZRCfhx3nXnFLYqpQUaUGpump,SPIKE,SPIKE (SPIKE ),solana,100,GEM,297189.5,"Nao foi marcado como rugged | Rugcheck score alto: 22948 | Mint authority inativa | Freeze authority inativa | Liquidez alta $297,190",Risk [danger]: Top 10 holders high ownership | Risk [danger]: Single holder ownership | Risk [danger]: High ownership | Liquidez nao confirmada como travada | Concentrado: top10 tem 100%,2026-04-17 00:57 UTC
GRMRCsJJEEYXChrSDGaAsuK3W8YooF2R69GcdCXDpump,Pope,Pope (Pope Leo),solana,100,GEM,19899.66,"Nao foi marcado como rugged | Rugcheck score alto: 3686 | Sem risks criticos no Rugcheck | Mint authority inativa | Freeze authority inativa | Liquidez minima $19,900",Liquidez nao confirmada como travada | Concentrado: top10 tem 86%,2026-04-17 00:57 UTC
ENcwYGVhRsEqKpH4SzRH4mcYSGc9Cb6s4WJGS9ojpump,KOKOP,KOKOP (Kokopi Koalas),solana,100,GEM,108210.41,"Nao foi marcado como rugged | Rugcheck score alto: 501 | Sem risks criticos no Rugcheck | Mint authority inativa | Freeze authority inativa | Top10 holders 0% do supply | Liquidez alta $108,210",Liquidez nao confirmada como travada,2026-04-17 00:57 UTC
CAjtTHvC878f8cZ4zEwdvgjkjFM7rbYN8Mb1go1cpump,DUMBMONEY,DUMBMONEY (Dumb Money),solana,100,GEM,192338.35,"Nao foi marcado como rugged | Sem risks criticos no Rugcheck | Mint authority inativa | Freeze authority inativa | Top10 holders 0% do supply | Liquidez alta $192,338",Rugcheck score baixo: 1 | Liquidez nao confirmada como travada,2026-04-17 00:58 UTC
4wbUxZchAQAG7CGTpCzYF7DKHH7ByppA84gc5omDLZno,YOLO,YOLO (YOU ONLY LIVE ONCE),solana,100,GEM,28667.04,"Nao foi marcado como rugged | Rugcheck score alto: 2070 | Sem risks criticos no Rugcheck | Mint authority inativa | Freeze authority inativa | Top10 holders 0% do supply | Liquidez minima $28,667",Liquidez nao confirmada como travada,2026-04-17 00:58 UTC
26jyBRf3nCxAs12tNgsb6ZN2LUHubX7T895t6TtUpump,SMARTMONEY,SMARTMONEY (Smart Money),solana,100,GEM,29313.89,"Nao foi marcado como rugged | Rugcheck score alto: 2089 | Sem risks criticos no Rugcheck | Mint authority inativa | Freeze authority inativa | Top10 holders 0% do supply | Liquidez minima $29,314",Liquidez nao confirmada como travada,2026-04-17 00:58 UTC
34q2KmCvapecJgR6ZrtbCTrzZVtkt3a5mHEA3TuEsWYb,LOL,LOL,solana,100,GEM,297124.12,"Nao foi marcado como rugged | Sem risks criticos no Rugcheck | Mint authority inativa | Freeze authority inativa | Liquidez alta $297,124",Rugcheck score baixo: 1 | Liquidez nao confirmada como travada | Concentrado: top10 tem 62%,2026-04-17 00:58 UTC
3TYgKwkE2Y3rxdw9osLRSpxpXmSC1C1oo19W9KHspump,BULL,BULL (Bull),solana,100,GEM,302967.78,"Nao foi marcado como rugged | Sem risks criticos no Rugcheck | Mint authority inativa | Freeze authority inativa | Top10 holders 0% do supply | Liquidez alta $302,968",Rugcheck score baixo: 1 | Liquidez nao confirmada como travada,2026-04-17 00:58 UTC
DXxCyvs4zSrmfQX7zBM7jVb8ZGXW3UTG3QuuJWorpump,Meowl,Meowl (Meowl The Cat),solana,100,GEM,30256.42,"Nao foi marcado como rugged | Rugcheck score alto: 501 | Sem risks criticos no Rugcheck | Mint authority inativa | Freeze authority inativa | Top10 holders 0% do supply | Liquidez minima $30,256",Liquidez nao confirmada como travada,2026-04-17 00:58 UTC
5aKvh7uwKNn5CQcXd5hxKJLp7wR1GE4HcgigvhL3pump,PND,PND (PandaCoin),solana,95,GEM,17215.99,"Nao foi marcado como rugged | Sem risks criticos no Rugcheck | Mint authority inativa | Freeze authority inativa | Liquidez minima $17,216",Rugcheck score baixo: 1 | Liquidez nao confirmada como travada | Concentrado: top10 tem 100%,2026-04-17 00:58 UTC
7udhnYmvHJFgRYGBeAioQNfzd95JtGTUjrRwNe8VCoG4,FOF,FOF (Federal Oil Fund),solana,100,GEM,106983.15,"Nao foi marcado como rugged | Sem risks criticos no Rugcheck | Mint authority inativa | Freeze authority inativa | Top10 holders 0% do supply | Liquidez alta $106,983",Rugcheck score baixo: 1 | Liquidez nao confirmada como travada,2026-04-17 00:58 UTC
82mTcMSHWs9UHggQgS5to46mbkiH8pmhjnArdyPyVCAT,AGC,AGC (Alien Green Cat),solana,100,GEM,253274.18,"Nao foi marcado como rugged | Rugcheck score alto: 501 | Sem risks criticos no Rugcheck | Mint authority inativa | Freeze authority inativa | Liquidez alta $253,274",Liquidez nao confirmada como travada | Concentrado: top10 tem 100%,2026-04-17 00:58 UTC
iRTXNKLbt9ojybsGx1CJpdM4Ze6ErWVQX1A8cUc3MYx,IRT,IRT (International Rebuilding Trust),solana,100,GEM,213961.15,"Nao foi marcado como rugged | Rugcheck score alto: 501 | Sem risks criticos no Rugcheck | Mint authority inativa | Freeze authority inativa | Liquidez alta $213,961",Liquidez nao confirmada como travada | Concentrado: top10 tem 100%,2026-04-17 00:58 UTC
GWrbDx2K7vngKTcwipwEh99ia11DymNgERDAE7nCjNjc,MSBR,MSBR (Microstrategy Bitcoin Reserve),solana,100,GEM,153174.51,"Nao foi marcado como rugged | Rugcheck score alto: 10001 | Sem risks criticos no Rugcheck | Mint authority inativa | Freeze authority inativa | Liquidez alta $153,175",Liquidez nao confirmada como travada | Concentrado: top10 tem 100%,2026-04-17 00:58 UTC
2xm2WZ9krE2YAArRC6S6ZzJAYgN813K6hh2dawKjpump,PANDU,PANDU (Pandu Pandas),solana,100,GEM,91584.22,"Nao foi marcado como rugged | Rugcheck score alto: 4419 | Sem risks criticos no Rugcheck | Mint authority inativa | Freeze authority inativa | Top10 holders 0% do supply | Liquidez boa $91,584",Liquidez nao confirmada como travada,2026-04-17 00:58 UTC
7mNWyQYJfvf5gJDVwXL8aw8m9Qmo4MDKrLHNaESdpump,unt,unt,solana,100,GEM,52904.86,"Nao foi marcado como rugged | Sem risks criticos no Rugcheck | Mint authority inativa | Freeze authority inativa | Liquidez boa $52,905",Rugcheck score baixo: 1 | Liquidez nao confirmada como travada | Concentrado: top10 tem 100%,2026-04-17 00:58 UTC
FFvp48WygUSxCCNP3n9Zu5G7F2yatwXQHbpD2Mkkpump,Skibidi,Skibidi (Skibidi Toilet),solana,100,GEM,67629.31,"Nao foi marcado como rugged | Rugcheck score alto: 13999 | Mint authority inativa | Freeze authority inativa | Top10 holders 0% do supply | Liquidez boa $67,629",Risk [danger]: Large Amount of LP Unlocked | Risk [danger]: Low Liquidity | Liquidez nao confirmada como travada,2026-04-17 00:58 UTC
FBbnzHwJ1WHYwP425cqMNb2t7o7sm6AXQjsQ3sZRpump,JAK,JAK (Jak),solana,100,GEM,93105.36,"Nao foi marcado como rugged | Sem risks criticos no Rugcheck | Mint authority inativa | Freeze authority inativa | Top10 holders 48% do supply | Liquidez boa $93,105",Rugcheck score baixo: 1 | Liquidez nao confirmada como travada,2026-04-17 00:58 UTC
zjGjGR9FYrxAopmpeqceisHrK17fvYV2UW4UBCPpump,SOYJAK,SOYJAK (Soyjak),solana,95,GEM,46197.41,"Nao foi marcado como rugged | Sem risks criticos no Rugcheck | Mint authority inativa | Freeze authority inativa | Liquidez minima $46,197",Rugcheck score baixo: 1 | Liquidez nao confirmada como travada | Concentrado: top10 tem 100%,2026-04-17 00:59 UTC
EruqNUg7yVD2sTzRpRv8RcbAG9gpUREswd5soqKTxz1m,ZYNX,ZYNX,solana,100,GEM,30773.45,"Nao foi marcado como rugged | Sem risks criticos no Rugcheck | Mint authority inativa | Freeze authority inativa | Top10 holders 0% do supply | Liquidez minima $30,773",Rugcheck score baixo: 1 | Liquidez nao confirmada como travada,2026-04-17 00:59 UTC
E71ExYJysQfUfjEdnjvDRfRdQ1d3GQDDWXZoSvzJpump,VET,VET,solana,100,GEM,13785.65,"Nao foi marcado como rugged | Rugcheck score alto: 2570 | Sem risks criticos no Rugcheck | Mint authority inativa | Freeze authority inativa | Liquidez minima $13,786",Liquidez nao confirmada como travada | Concentrado: top10 tem 100%,2026-04-17 00:59 UTC
